{"cameraMode":{"drawMode":2,"name":"Shaded Wireframe","section":"Shading Mode"},"sceneLighting":true,"audioPlay":false,"sceneViewState":{"showFog":false,"showMaterialUpdate":false,"showSkybox":true,"showFlares":false,"showImageEffects":false,"showParticleSystems":false},"in2DMode":false,"pivot":{"x":48.96063995361328,"y":-2.0804195404052736,"z":192.13949584960938},"rotation":{"x":-0.2109859436750412,"y":-0.060659851878881457,"z":0.01311958022415638,"w":-0.9755169153213501},"size":44.878597259521487,"orthographic":false}