{"cameraMode":{"drawMode":2,"name":"Shaded Wireframe","section":"Shading Mode"},"sceneLighting":true,"audioPlay":false,"sceneViewState":{"showFog":false,"showMaterialUpdate":false,"showSkybox":true,"showFlares":false,"showImageEffects":false,"showParticleSystems":false},"in2DMode":false,"pivot":{"x":58.57663345336914,"y":12.55221176147461,"z":27.073740005493165},"rotation":{"x":-0.35987043380737307,"y":-0.3289772868156433,"z":0.13730831444263459,"w":-0.8622144460678101},"size":80.91578674316406,"orthographic":false}