{"cameraMode":{"drawMode":2,"name":"Shaded Wireframe","section":"Shading Mode"},"sceneLighting":true,"audioPlay":false,"sceneViewState":{"showFog":false,"showMaterialUpdate":false,"showSkybox":true,"showFlares":false,"showImageEffects":false,"showParticleSystems":false},"in2DMode":false,"pivot":{"x":17.959991455078126,"y":26.93783187866211,"z":16.7283935546875},"rotation":{"x":-0.35987043380737307,"y":-0.3289772868156433,"z":0.13730831444263459,"w":-0.8622144460678101},"size":59.47047805786133,"orthographic":false}