{"cameraMode":{"drawMode":0,"name":"Shaded","section":"Shading Mode"},"sceneLighting":true,"audioPlay":false,"sceneViewState":{"showFog":false,"showMaterialUpdate":false,"showSkybox":true,"showFlares":false,"showImageEffects":false,"showParticleSystems":false},"in2DMode":false,"pivot":{"x":106.75898742675781,"y":72.03746795654297,"z":71.6035385131836},"rotation":{"x":-0.43872761726379397,"y":-0.0632627084851265,"z":0.03098166175186634,"w":-0.8958550095558167},"size":66.96163177490235,"orthographic":false}