{"cameraMode":{"drawMode":0,"name":"Shaded","section":"Shading Mode"},"sceneLighting":true,"audioPlay":false,"sceneViewState":{"showFog":false,"showMaterialUpdate":false,"showSkybox":true,"showFlares":false,"showImageEffects":false,"showParticleSystems":false},"in2DMode":false,"pivot":{"x":223.62730407714845,"y":-1.74658203125,"z":742.4238891601563},"rotation":{"x":-0.0455852635204792,"y":-0.8987914323806763,"z":0.42521992325782778,"w":-0.0963539183139801},"size":402.4026184082031,"orthographic":false}