{"cameraMode":{"drawMode":0,"name":"Shaded","section":"Shading Mode"},"sceneLighting":true,"audioPlay":false,"sceneViewState":{"showFog":false,"showMaterialUpdate":false,"showSkybox":true,"showFlares":false,"showImageEffects":false,"showParticleSystems":false},"in2DMode":false,"pivot":{"x":120.78509521484375,"y":2.096435546875,"z":64.5365219116211},"rotation":{"x":-0.6507159471511841,"y":-0.14820562303066255,"z":0.13156796991825105,"w":-0.7330032587051392},"size":102.74323272705078,"orthographic":false}