{"cameraMode":{"drawMode":0,"name":"Shaded","section":"Shading Mode"},"sceneLighting":true,"audioPlay":false,"sceneViewState":{"showFog":false,"showMaterialUpdate":false,"showSkybox":true,"showFlares":false,"showImageEffects":false,"showParticleSystems":false},"in2DMode":false,"pivot":{"x":69.27252197265625,"y":3.3293838500976564,"z":458.3271179199219},"rotation":{"x":-0.45015689730644228,"y":-0.5436220765113831,"z":0.5534966588020325,"w":-0.4421258568763733},"size":65.57561492919922,"orthographic":false}