{"cameraMode":{"drawMode":2,"name":"Shaded Wireframe","section":"Shading Mode"},"sceneLighting":true,"audioPlay":false,"sceneViewState":{"showFog":false,"showMaterialUpdate":false,"showSkybox":true,"showFlares":false,"showImageEffects":false,"showParticleSystems":false},"in2DMode":false,"pivot":{"x":47.13853454589844,"y":-38.09041976928711,"z":137.45579528808595},"rotation":{"x":-0.1878771036863327,"y":0.001472878735512495,"z":-0.00028168578865006566,"w":-0.9821914434432983},"size":148.28512573242188,"orthographic":false}