{"cameraMode":{"drawMode":2,"name":"Shaded Wireframe","section":"Shading Mode"},"sceneLighting":true,"audioPlay":false,"sceneViewState":{"showFog":false,"showMaterialUpdate":false,"showSkybox":true,"showFlares":false,"showImageEffects":false,"showParticleSystems":false},"in2DMode":false,"pivot":{"x":30.168193817138673,"y":4.82423210144043,"z":50.97457504272461},"rotation":{"x":-0.08624338358640671,"y":-0.12133805453777313,"z":0.010583125986158848,"w":-0.9888008832931519},"size":128.31797790527345,"orthographic":false}